source,location,property_type,bedrooms,bathrooms,size_sqft,price_kes,amenities,title,pid,listing_url,listing_date
BuyRentKenya,Ruiru,House,4.0,,,17500000,,"4 Bed House with En Suite at RuiruKSh 17,500,000",,https://www.buyrentkenya.comjavascript:void(0);,2026-02-18
BuyRentKenya,Kileleshwa,Apartment,4.0,,,13500000,,"4 Bed Apartment with En Suite in KileleshwaKSh 13,500,000",,https://www.buyrentkenya.comjavascript:void(0);,2026-02-18
BuyRentKenya,Lavington,Apartment,4.0,,,13500000,,"4 Bed Apartment with En Suite in LavingtonKSh 13,500,000",,https://www.buyrentkenya.comjavascript:void(0);,2026-02-18
BuyRentKenya,Kileleshwa,Apartment,2.0,,,8800000,,"2 Bed Apartment with En Suite at Off Oloitokitok RoadKSh 8,800,000",,https://www.buyrentkenya.comjavascript:void(0);,2026-02-18
BuyRentKenya,Kileleshwa,Apartment,2.0,,,8000000,pool,"2 Bed Apartment with Swimming Pool at Off Oloitokitok RoadKSh 8,000,000",,https://www.buyrentkenya.comjavascript:void(0);,2026-02-18
BuyRentKenya,Nairobi (Unspecified),Villa,5.0,,,43000000,,"5 Bed Villa with En Suite in GikamburaKSh 43,000,000",,https://www.buyrentkenya.comjavascript:void(0);,2026-02-18
BuyRentKenya,Kileleshwa,Apartment,2.0,,,7820000,,"2 Bed Apartment with En Suite at Off Oloitokitok RoadKSh 7,820,000",,https://www.buyrentkenya.comjavascript:void(0);,2026-02-18
BuyRentKenya,Kileleshwa,Apartment,2.0,,,7150000,pool,"2 Bed Apartment with Swimming Pool at Off Oloitokitok RoadKSh 7,150,000",,https://www.buyrentkenya.comjavascript:void(0);,2026-02-18
BuyRentKenya,Kileleshwa,Apartment,1.0,,,6500000,,"1 Bed Apartment with En Suite at Off Oloitokitok RoadKSh 6,500,000",,https://www.buyrentkenya.comjavascript:void(0);,2026-02-18
BuyRentKenya,Westlands,Apartment,2.0,,,12800000,,"2 Bed Apartment with En Suite in RiversideKSh 12,800,000",,https://www.buyrentkenya.comjavascript:void(0);,2026-02-18
BuyRentKenya,Westlands,Apartment,2.0,,,12500000,,"2 Bed Apartment with En Suite in RiversideKSh 12,500,000",,https://www.buyrentkenya.comjavascript:void(0);,2026-02-18
BuyRentKenya,Westlands,Apartment,1.0,,,8500000,pool,"1 Bed Apartment with Swimming Pool in RiversideKSh 8,500,000",,https://www.buyrentkenya.comjavascript:void(0);,2026-02-18
BuyRentKenya,Westlands,Apartment,2.0,,,10000000,,"2 Bed Apartment with En Suite in RiversideKSh 10,000,000",,https://www.buyrentkenya.comjavascript:void(0);,2026-02-18
BuyRentKenya,Lavington,Apartment,3.0,,,13000000,,"3 Bed Apartment with En Suite in LavingtonKSh 13,000,000",,https://www.buyrentkenya.comjavascript:void(0);,2026-02-18
BuyRentKenya,Lavington,Apartment,1.0,,,7600000,,"1 Bed Apartment with En Suite in LavingtonKSh 7,600,000",,https://www.buyrentkenya.comjavascript:void(0);,2026-02-18
BuyRentKenya,Lavington,Apartment,1.0,,,6500000,pool,"1 Bed Apartment with Swimming Pool in LavingtonKSh 6,500,000",,https://www.buyrentkenya.comjavascript:void(0);,2026-02-18
BuyRentKenya,Lavington,Apartment,3.0,,,13600000,,"3 Bed Apartment with En Suite in LavingtonKSh 13,600,000",,https://www.buyrentkenya.comjavascript:void(0);,2026-02-18
BuyRentKenya,Lavington,Apartment,2.0,,,10600000,,"2 Bed Apartment with En Suite in LavingtonKSh 10,600,000",,https://www.buyrentkenya.comjavascript:void(0);,2026-02-18
BuyRentKenya,Kileleshwa,Apartment,1.0,,,5300000,pool,"1 Bed Apartment with Swimming Pool in KileleshwaKSh 5,300,000",,https://www.buyrentkenya.comjavascript:void(0);,2026-02-18
BuyRentKenya,Kileleshwa,Apartment,3.0,,,11200000,,"3 Bed Apartment with En Suite in KileleshwaKSh 11,200,000",,https://www.buyrentkenya.comjavascript:void(0);,2026-02-18
BuyRentKenya,Kileleshwa,Apartment,3.0,,,18500000,,"3 Bed Apartment with En Suite in KileleshwaKSh 18,500,000",,https://www.buyrentkenya.comjavascript:void(0);,2026-02-18
BuyRentKenya,Kilimani,Apartment,3.0,,,13500000,,"3 Bed Apartment with En Suite in KilimaniKSh 13,500,000",,https://www.buyrentkenya.comjavascript:void(0);,2026-02-18
BuyRentKenya,Kilimani,Apartment,3.0,,,12500000,,"3 Bed Apartment with En Suite in KilimaniKSh 12,500,000",,https://www.buyrentkenya.comjavascript:void(0);,2026-02-18
BuyRentKenya,Kilimani,Apartment,1.0,,,6800000,pool,"1 Bed Apartment with Swimming Pool in KilimaniKSh 6,800,000",,https://www.buyrentkenya.comjavascript:void(0);,2026-02-18
BuyRentKenya,Kilimani,Apartment,3.0,,,15000000,,"3 Bed Apartment with En Suite in KilimaniKSh 15,000,000",,https://www.buyrentkenya.comjavascript:void(0);,2026-02-18
PropertyPro,Kilimani,Apartment,1.0,2.0,968.76,10497669,pool|gym|parking|balcony|furnished|cctv|internet|backup generator|fence,"To Let/ Splendid Furnished 2 Bed Apartment + Double Rooms/ Short Stays/ Holiday Home/ Bofa, Kilifi County",8ADSV,https://propertypro.co.ke/property/8ADSV,2026-02-18
PropertyPro,Kilimani,Apartment,1.0,2.0,968.76,1000000000,pool|gym|parking|balcony|furnished|cctv|internet|backup generator|fence,"To Let/ Splendid Furnished 2 Bed Apartment + Double Rooms/ Short Stays/ Holiday Home/ Bofa, Kilifi County",8ADSV,https://propertypro.co.ke/property/8ADSV,2026-02-18
PropertyPro,Kilimani,Apartment,1.0,2.0,968.76,20000,pool|gym|parking|balcony|furnished|cctv|internet|backup generator|fence,"To Let/ Splendid Furnished 2 Bed Apartment + Double Rooms/ Short Stays/ Holiday Home/ Bofa, Kilifi County",8ADSV,https://propertypro.co.ke/property/8ADSV,2026-02-18
PropertyPro,Nairobi (Unspecified),Unknown,2.0,2.0,,3500,,"KSh 3,500",8ADSV,https://propertypro.co.ke/property/8ADSV,2026-02-18
PropertyPro,Nairobi (Unspecified),Unknown,2.0,2.0,,8500000,,"KSh 8,500,000",0ADSQ,https://propertypro.co.ke/property/0ADSQ,2026-02-18
PropertyPro,Nairobi (Unspecified),Unknown,2.0,2.0,,5000000,,"KSh 5,000,000",7ADSC,https://propertypro.co.ke/property/7ADSC,2026-02-18
PropertyPro,Nairobi (Unspecified),Unknown,4.0,4.0,,4200000,,"KSh 4,200,000",3ADRW,https://propertypro.co.ke/property/3ADRW,2026-02-18
PropertyPro,Nairobi (Unspecified),Unknown,4.0,2.0,,13000000,,"KSh 13,000,000",6ADRN,https://propertypro.co.ke/property/6ADRN,2026-02-18
PropertyPro,Nairobi (Unspecified),Unknown,2.0,2.0,,5000000,,"KSh 5,000,000",0ADRK,https://propertypro.co.ke/property/0ADRK,2026-02-18
PropertyPro,Nairobi (Unspecified),Unknown,1.0,1.0,,8000000,,"KSh 8,000,000",4ADRH,https://propertypro.co.ke/property/4ADRH,2026-02-18
PropertyPro,Nairobi (Unspecified),Unknown,2.0,2.0,,5000000,,"KSh 5,000,000",4ADRG,https://propertypro.co.ke/property/4ADRG,2026-02-18
PropertyPro,Nairobi (Unspecified),Unknown,,,,1300000,,"KSh 1,300,000",7ADRA,https://propertypro.co.ke/property/7ADRA,2026-02-18
PropertyPro,Nairobi (Unspecified),Unknown,2.0,2.0,,3200000,,"KSh 3,200,000",8ADLS,https://propertypro.co.ke/property/8ADLS,2026-02-18
PropertyPro,Nairobi (Unspecified),Unknown,2.0,2.0,,7900000,,"KSh 7,900,000",6BMSC,https://propertypro.co.ke/property/6BMSC,2026-02-18
PropertyPro,Nairobi (Unspecified),Unknown,1.0,1.0,,4400000,,"KSh 4,400,000",6BMRG,https://propertypro.co.ke/property/6BMRG,2026-02-18
PropertyPro,Nairobi (Unspecified),Unknown,5.0,5.0,,29500000,,"KSh 29,500,000",7BMPX,https://propertypro.co.ke/property/7BMPX,2026-02-18
PropertyPro,Nairobi (Unspecified),Unknown,3.0,4.0,,10250000,,"KSh 10,250,000",6BMPX,https://propertypro.co.ke/property/6BMPX,2026-02-18
PropertyPro,Nairobi (Unspecified),Unknown,2.0,2.0,,7950000,,"KSh 7,950,000",8BMPT,https://propertypro.co.ke/property/8BMPT,2026-02-18
PropertyPro,Nairobi (Unspecified),Unknown,3.0,3.0,,9750000,,"KSh 9,750,000",1BMPR,https://propertypro.co.ke/property/1BMPR,2026-02-18
PropertyPro,Nairobi (Unspecified),Unknown,3.0,4.0,,72500,,"KSh 72,500",3BMMD,https://propertypro.co.ke/property/3BMMD,2026-02-18
PropertyPro,Nairobi (Unspecified),Unknown,3.0,2.0,,12500000,,"KSh 12,500,000",2BMMD,https://propertypro.co.ke/property/2BMMD,2026-02-18
PropertyPro,Nairobi (Unspecified),Unknown,3.0,3.0,,26500000,,"KSh 26,500,000",9BLGV,https://propertypro.co.ke/property/9BLGV,2026-02-18
PropertyPro,Nairobi (Unspecified),Unknown,3.0,3.0,,8500000,,"KSh 8,500,000",1BLGG,https://propertypro.co.ke/property/1BLGG,2026-02-18
PropertyPro,Nairobi (Unspecified),Unknown,,,,10497669,,Property ,,,2026-02-18
PropertyPro,Nairobi (Unspecified),Unknown,,,,1000000000,,Property ,,,2026-02-18
PropertyPro,Nairobi (Unspecified),Unknown,,,,20000,,Property ,,,2026-02-18
PropertyPro,Ruiru,Apartment,1.0,1.0,,10497669,pool|gym|parking|garden|balcony|furnished|cctv|internet|backup generator|fence,Modern Executive 1 Bedroom Beachside Apartment,0BKHA,https://propertypro.co.ke/property/0BKHA,2026-02-18
PropertyPro,Ruiru,Apartment,1.0,1.0,,1000000000,pool|gym|parking|garden|balcony|furnished|cctv|internet|backup generator|fence,Modern Executive 1 Bedroom Beachside Apartment,0BKHA,https://propertypro.co.ke/property/0BKHA,2026-02-18
PropertyPro,Ruiru,Apartment,1.0,1.0,,20000,pool|gym|parking|garden|balcony|furnished|cctv|internet|backup generator|fence,Modern Executive 1 Bedroom Beachside Apartment,0BKHA,https://propertypro.co.ke/property/0BKHA,2026-02-18
PropertyPro,Nairobi (Unspecified),Unknown,1.0,1.0,,2900000,,"KSh 2,900,000",0BKHA,https://propertypro.co.ke/property/0BKHA,2026-02-18
PropertyPro,Nairobi (Unspecified),Unknown,2.0,2.0,,6500000,,"KSh 6,500,000",1BKJB,https://propertypro.co.ke/property/1BKJB,2026-02-18
PropertyPro,Nairobi (Unspecified),Unknown,2.0,2.0,,3900000,,"KSh 3,900,000",4BKHR,https://propertypro.co.ke/property/4BKHR,2026-02-18
PropertyPro,Nairobi (Unspecified),Unknown,1.0,1.0,,4400000,,"KSh 4,400,000",1BJKH,https://propertypro.co.ke/property/1BJKH,2026-02-18
PropertyPro,Nairobi (Unspecified),Unknown,,1.0,,4400000,,"KSh 4,400,000",3BKCF,https://propertypro.co.ke/property/3BKCF,2026-02-18
PropertyPro,Nairobi (Unspecified),Unknown,3.0,3.0,,5500000,,"KSh 5,500,000",4BKGV,https://propertypro.co.ke/property/4BKGV,2026-02-18
PropertyPro,Nairobi (Unspecified),Unknown,1.0,1.0,,70000,,"KSh 70,000",7BJMQ,https://propertypro.co.ke/property/7BJMQ,2026-02-18
PropertyPro,Nairobi (Unspecified),Unknown,3.0,4.0,,75000,,"KSh 75,000",9BGTP,https://propertypro.co.ke/property/9BGTP,2026-02-18
PropertyPro,Nairobi (Unspecified),Unknown,3.0,3.0,,10250000,,"KSh 10,250,000",8BGKY,https://propertypro.co.ke/property/8BGKY,2026-02-18
PropertyPro,Nairobi (Unspecified),Unknown,1.0,1.0,,2350000,,"KSh 2,350,000",8BGML,https://propertypro.co.ke/property/8BGML,2026-02-18
PropertyPro,Nairobi (Unspecified),Unknown,2.0,2.0,,3490000,,"KSh 3,490,000",7BGML,https://propertypro.co.ke/property/7BGML,2026-02-18
PropertyPro,Nairobi (Unspecified),Unknown,4.0,4.0,,11000000,,"KSh 11,000,000",8BGMK,https://propertypro.co.ke/property/8BGMK,2026-02-18
PropertyPro,Nairobi (Unspecified),Unknown,3.0,3.0,,9500000,,"KSh 9,500,000",5BGLP,https://propertypro.co.ke/property/5BGLP,2026-02-18
PropertyPro,Nairobi (Unspecified),Unknown,2.0,3.0,,24000000,,"KSh 24,000,000",4BGLP,https://propertypro.co.ke/property/4BGLP,2026-02-18
PropertyPro,Nairobi (Unspecified),Unknown,2.0,2.0,,6950000,,"KSh 6,950,000",3BGLP,https://propertypro.co.ke/property/3BGLP,2026-02-18
PropertyPro,Nairobi (Unspecified),Unknown,3.0,3.0,,10250000,,"KSh 10,250,000",9BGKY,https://propertypro.co.ke/property/9BGKY,2026-02-18
PropertyPro,Nairobi (Unspecified),Unknown,3.0,4.0,,40000000,,"KSh 40,000,000",7BGKY,https://propertypro.co.ke/property/7BGKY,2026-02-18
PropertyPro,Nairobi (Unspecified),Unknown,3.0,3.0,,9500000,,"KSh 9,500,000",5BGKX,https://propertypro.co.ke/property/5BGKX,2026-02-18
PropertyPro,Nairobi (Unspecified),Unknown,3.0,3.0,,9500000,,"KSh 9,500,000",3BGKP,https://propertypro.co.ke/property/3BGKP,2026-02-18
PropertyPro,Nairobi (Unspecified),Unknown,3.0,3.0,,11500000,,"KSh 11,500,000",1BGKP,https://propertypro.co.ke/property/1BGKP,2026-02-18
PropertyPro,Karen,Apartment,1.0,1.0,15900.0,10497669,pool|parking|garden|furnished|backup generator|fence,"Studio, 1 & 2 Bedroom Apartment",9BGKN,https://propertypro.co.ke/property/9BGKN,2026-02-18
PropertyPro,Karen,Apartment,1.0,1.0,15900.0,1000000000,pool|parking|garden|furnished|backup generator|fence,"Studio, 1 & 2 Bedroom Apartment",9BGKN,https://propertypro.co.ke/property/9BGKN,2026-02-18
PropertyPro,Karen,Apartment,1.0,1.0,15900.0,20000,pool|parking|garden|furnished|backup generator|fence,"Studio, 1 & 2 Bedroom Apartment",9BGKN,https://propertypro.co.ke/property/9BGKN,2026-02-18
PropertyPro,Nairobi (Unspecified),Unknown,1.0,1.0,,4500000,,"KSh 4,500,000",9BGKN,https://propertypro.co.ke/property/9BGKN,2026-02-18
PropertyPro,Nairobi (Unspecified),Unknown,3.0,3.0,,30000000,,"KSh 30,000,000",8BGKN,https://propertypro.co.ke/property/8BGKN,2026-02-18
PropertyPro,Nairobi (Unspecified),Unknown,3.0,3.0,,12000000,,"KSh 12,000,000",6BGKC,https://propertypro.co.ke/property/6BGKC,2026-02-18
PropertyPro,Nairobi (Unspecified),Unknown,3.0,3.0,,9500000,,"KSh 9,500,000",5BGKC,https://propertypro.co.ke/property/5BGKC,2026-02-18
PropertyPro,Nairobi (Unspecified),Unknown,3.0,3.0,,7750000,,"KSh 7,750,000",1BGKC,https://propertypro.co.ke/property/1BGKC,2026-02-18
PropertyPro,Nairobi (Unspecified),Unknown,2.0,2.0,,6950000,,"KSh 6,950,000",2BGKA,https://propertypro.co.ke/property/2BGKA,2026-02-18
PropertyPro,Nairobi (Unspecified),Unknown,1.0,1.0,,3500,,"KSh 3,500",0BGJZ,https://propertypro.co.ke/property/0BGJZ,2026-02-18
PropertyPro,Nairobi (Unspecified),Unknown,3.0,3.0,,7750000,,"KSh 7,750,000",9BGJX,https://propertypro.co.ke/property/9BGJX,2026-02-18
PropertyPro,Nairobi (Unspecified),Unknown,3.0,3.0,,10250000,,"KSh 10,250,000",3BGJX,https://propertypro.co.ke/property/3BGJX,2026-02-18
PropertyPro,Nairobi (Unspecified),Unknown,3.0,3.0,,9500000,,"KSh 9,500,000",8BGJU,https://propertypro.co.ke/property/8BGJU,2026-02-18
PropertyPro,Nairobi (Unspecified),Unknown,,,,0,,KSh 0,8BKMT,https://propertypro.co.ke/property/8BKMT,2026-02-18
PropertyPro,Nairobi (Unspecified),Unknown,,,,248000000,,"KSh 248,000,000",4BKMT,https://propertypro.co.ke/property/4BKMT,2026-02-18
PropertyPro,Nairobi (Unspecified),Unknown,,,,1400000,,"KSh 1,400,000",9BKMG,https://propertypro.co.ke/property/9BKMG,2026-02-18
PropertyPro,Nairobi (Unspecified),Unknown,4.0,5.0,,400000,,"KSh 400,000",5BKGC,https://propertypro.co.ke/property/5BKGC,2026-02-18
PropertyPro,Nairobi (Unspecified),Unknown,,,,300000000,,"KSh 300,000,000",3BKFW,https://propertypro.co.ke/property/3BKFW,2026-02-18
PropertyPro,Nairobi (Unspecified),Unknown,,,,100000000,,"KSh 100,000,000",9BKER,https://propertypro.co.ke/property/9BKER,2026-02-18
PropertyPro,Nairobi (Unspecified),Unknown,,,,22500000,,"KSh 22,500,000",8BKER,https://propertypro.co.ke/property/8BKER,2026-02-18
PropertyPro,Nairobi (Unspecified),Unknown,,,,650000,,"KSh 650,000",7BKER,https://propertypro.co.ke/property/7BKER,2026-02-18
PropertyPro,Nairobi (Unspecified),Unknown,,,,130000000,,"KSh 130,000,000",3BKDH,https://propertypro.co.ke/property/3BKDH,2026-02-18
PropertyPro,Nairobi (Unspecified),Unknown,,,,63800000,,"KSh 63,800,000",2BKDH,https://propertypro.co.ke/property/2BKDH,2026-02-18
